name,shipping_address,email
Sissie Speed,8 Springs Drive,sspeed0@arizona.edu
Clemmy Cheers,30 Kedzie Road,ccheers1@prweb.com
Gustaf McKissack,6847 Stone Corner Center,gmckissack2@clickbank.net
Vivia Suggate,063 Onsgard Court,vsuggate3@macromedia.com
Tomaso Brass,95 Vernon Circle,tbrass4@independent.co.uk
Kerby Blest,736 Evergreen Crossing,kblest5@google.nl
Heath Tewnion,5 Linden Plaza,htewnion6@geocities.com
Clayborne Videler,4 Pearson Alley,cvideler7@multiply.com
Ode Sheivels,91902 Nancy Junction,osheivels8@ft.com
Bancroft Oen,7122 John Wall Parkway,boen9@sbwire.com
Marcile Ganing,839 Vidon Lane,mganinga@amazon.com
Shay Junkison,34671 Nova Junction,sjunkisonb@histats.com
Carlynn Hubbart,73 Ramsey Road,chubbartc@ed.gov
Clerc Livingstone,397 Hallows Terrace,clivingstoned@epa.gov
Almeta Eric,43333 Derek Way,aerice@skype.com
Bank Bidwell,2 Roxbury Parkway,bbidwellf@nbcnews.com
Judy Morriss,786 Warner Circle,jmorrissg@constantcontact.com
Cort Slobom,80 Longview Lane,cslobomh@slideshare.net
Donaugh Sage,363 Debs Park,dsagei@scribd.com
Russell Cheverell,2 Petterle Hill,rcheverellj@dot.gov
Ode Zelley,56316 La Follette Junction,ozelleyk@wordpress.com
Benetta Wantling,623 Fordem Parkway,bwantlingl@techcrunch.com
Cassy Feehery,75463 Merry Street,cfeeherym@simplemachines.org
Sayers Biss,5 Canary Trail,sbissn@salon.com
Katy Danniell,35602 Brickson Park Place,kdanniello@soup.io
Westbrook Hadleigh,2324 Lotheville Center,whadleighp@yahoo.com
Sherilyn Sarginson,9706 Arizona Terrace,ssarginsonq@imgur.com
Hube Judkin,241 Longview Road,hjudkinr@exblog.jp
Lock Thurborn,8202 6th Junction,lthurborns@lycos.com
Sheffy Fearenside,768 Garrison Crossing,sfearensidet@blogger.com
Laurent Mathevon,921 Westport Point,lmathevonu@hibu.com
Nealson Sanson,5516 Prairie Rose Center,nsansonv@123-reg.co.uk
Minda Roycroft,8502 Scott Road,mroycroftw@cbc.ca
Kessia Brunicke,041 Rockefeller Crossing,kbrunickex@adobe.com
Hewie Klossek,4 Northland Court,hklosseky@paypal.com
Cammi Rosenwald,86 Marquette Court,crosenwaldz@examiner.com
Elie Haruard,396 Holy Cross Hill,eharuard10@google.es
Care Durtnel,9 Hanson Junction,cdurtnel11@youtu.be
Merrili McCourt,4 Burrows Hill,mmccourt12@t.co
Milicent Portigall,824 Stephen Way,mportigall13@imageshack.us
Maxine Ternouth,9 Village Green Street,mternouth14@desdev.cn
Terrance Kennon,945 Mccormick Drive,tkennon15@lycos.com
Bartlett Riolfo,37 Weeping Birch Hill,briolfo16@aol.com
Netty Kingerby,88 Trailsway Parkway,nkingerby17@youtu.be
Flint Jakubowski,74087 Grim Avenue,fjakubowski18@miitbeian.gov.cn
George Price,31 Meadow Vale Place,gprice19@microsoft.com
Ardyce Banghe,5 Morningstar Parkway,abanghe1a@amazonaws.com
Dena Way,16981 Lake View Street,dway1b@soundcloud.com
Orsa Forrestill,58 Butternut Alley,oforrestill1c@virginia.edu
Lanni Ellul,49901 Leroy Circle,lellul1d@istockphoto.com
Delora Koba,147 Kim Center,dkoba1e@merriam-webster.com
Moore Fryett,3 8th Park,mfryett1f@cyberchimps.com
Krystal Cowope,51241 Loftsgordon Trail,kcowope1g@goo.ne.jp
Remus Clemencon,4 Bartelt Plaza,rclemencon1h@privacy.gov.au
Arnoldo Scain,1179 Dorton Lane,ascain1i@chicagotribune.com
Clayborne Blasl,71746 Onsgard Terrace,cblasl1j@51.la
Nelli Keynd,408 Jenifer Trail,nkeynd1k@hp.com
Jake Buzin,7 Towne Street,jbuzin1l@mapy.cz
Neale Brammall,17 Kensington Hill,nbrammall1m@foxnews.com
Nolana Wheble,7 Luster Trail,nwheble1n@nbcnews.com
Willey Dinnage,008 Anniversary Hill,wdinnage1o@myspace.com
Gustie McGurk,27592 Donald Park,gmcgurk1p@baidu.com
Harry McKain,1307 Calypso Point,hmckain1q@mtv.com
Enrica Pollicott,8202 Springview Alley,epollicott1r@behance.net
Clemmy Martyns,50 Redwing Lane,cmartyns1s@latimes.com
Pam Brumbye,51 Daystar Drive,pbrumbye1t@t.co
Shelba Moakson,2 Hansons Alley,smoakson1u@miibeian.gov.cn
Ellwood MacSwayde,87 American Drive,emacswayde1v@tinyurl.com
Tammy Merner,7 American Ash Crossing,tmerner1w@sciencedaily.com
Jules Edwards,926 Norway Maple Pass,jedwards1x@dyndns.org
Ginevra Pontefract,37 Manley Street,gpontefract1y@ycombinator.com
Hynda Mahaddie,368 Nevada Point,hmahaddie1z@macromedia.com
Nerte Gerrill,97 Forest Run Crossing,ngerrill20@simplemachines.org
Donetta Denmead,371 Carpenter Pass,ddenmead21@pen.io
Penn O'Connolly,7 Chive Plaza,poconnolly22@ibm.com
Erin Chesworth,127 Boyd Park,echesworth23@smh.com.au
Merle Necrews,286 Talisman Parkway,mnecrews24@weibo.com
Dom Mycock,01245 Dawn Crossing,dmycock25@mayoclinic.com
Ugo Rawlence,518 Acker Point,urawlence26@goo.ne.jp
Terry Dunsmuir,2 Northview Circle,tdunsmuir27@google.pl
Rod Hatchett,195 Trailsway Pass,rhatchett28@symantec.com
Asher Toppas,331 Kings Circle,atoppas29@answers.com
Syman Donoghue,98 Dakota Junction,sdonoghue2a@loc.gov
Felita Prier,547 Bobwhite Street,fprier2b@sogou.com
Ellyn Gallaher,4 Tennyson Pass,egallaher2c@drupal.org
Yardley Brookwell,7 Prentice Drive,ybrookwell2d@google.fr
Alfreda Gergely,3 Independence Road,agergely2e@plala.or.jp
Estrella Presdee,2061 Ohio Court,epresdee2f@nifty.com
Boony Snoday,75 Judy Center,bsnoday2g@gmpg.org
Leroi Cassar,13 Susan Circle,lcassar2h@ucsd.edu
Nels Pellington,97297 Iowa Park,npellington2i@drupal.org
Christabel Coggan,314 Corry Junction,ccoggan2j@scientificamerican.com
Esmeralda Lashbrook,6026 Dunning Crossing,elashbrook2k@pcworld.com
Denys Nelles,7299 Mandrake Street,dnelles2l@foxnews.com
Candy Goodlip,47 Myrtle Pass,cgoodlip2m@independent.co.uk
Ferdinanda Warren,621 Declaration Road,fwarren2n@telegraph.co.uk
Horacio Mettrick,4 Florence Drive,hmettrick2o@mapy.cz
Debbi Woakes,3 Cherokee Hill,dwoakes2p@comcast.net
Hildagard Coucher,4325 Shasta Crossing,hcoucher2q@plala.or.jp
Fonz Allchin,55 Twin Pines Street,fallchin2r@upenn.edu
Genevra Fitchett,757 Independence Crossing,gfitchett2s@naver.com
Corly Houdhury,10 Texas Junction,choudhury2t@fc2.com
Keelia Farnish,54 Portage Place,kfarnish2u@forbes.com
Nina Castles,641 Express Parkway,ncastles2v@intel.com
Corrina Mulqueeny,4223 Mendota Point,cmulqueeny2w@webeden.co.uk
Sunny Schohier,30 Welch Place,sschohier2x@addthis.com
Flss Perdue,08493 Golf View Junction,fperdue2y@icq.com
Eleonore Leatherland,8219 Southridge Hill,eleatherland2z@hao123.com
Henrieta McLellan,74 Nova Road,hmclellan30@rambler.ru
Cairistiona Scarrisbrick,2260 Mosinee Pass,cscarrisbrick31@yandex.ru
Charmain Simnor,2 Talmadge Way,csimnor32@sfgate.com
Brigitte Serridge,59265 Briar Crest Park,bserridge33@twitpic.com
Ganny Rosevear,42 Summit Avenue,grosevear34@cbsnews.com
Madalena Buxy,8425 Claremont Court,mbuxy35@slashdot.org
Barton Lacotte,40 Butterfield Alley,blacotte36@salon.com
Perceval Baty,324 Katie Plaza,pbaty37@homestead.com
Edie I'anson,5 Fairview Plaza,eianson38@deliciousdays.com
Eadie Stirrip,84445 Vernon Center,estirrip39@sfgate.com
Fianna Bernuzzi,31 Amoth Parkway,fbernuzzi3a@ocn.ne.jp
Diarmid Richardsson,8993 Schiller Place,drichardsson3b@nih.gov
Robina Tyndall,1792 Hoard Plaza,rtyndall3c@behance.net
Lavina Egar,373 Laurel Court,legar3d@independent.co.uk
Raye Imms,29925 Sachs Plaza,rimms3e@flickr.com
Jordain Radki,48 Hazelcrest Drive,jradki3f@etsy.com
Toni Provis,9566 Bay Street,tprovis3g@bbb.org
Dulcea St Ange,36 Fairview Place,dst3h@mashable.com
Vinny Fries,480 Waubesa Trail,vfries3i@geocities.jp
Dodi Gladbeck,54660 Anhalt Circle,dgladbeck3j@over-blog.com
Duncan Enoksson,44 Barnett Place,denoksson3k@digg.com
Chelsae Halfhead,771 Calypso Parkway,chalfhead3l@ihg.com
Oliver Van der Hoven,98 Sheridan Plaza,ovan3m@house.gov
Abigale McShirie,766 Upham Alley,amcshirie3n@imageshack.us
Artur Bartczak,3 Grasskamp Hill,abartczak3o@cdbaby.com
Carmelita Hammerman,5028 Elgar Alley,chammerman3p@rediff.com
Sergent Graeser,8 Oakridge Point,sgraeser3q@parallels.com
Shawn Dolby,93333 Lindbergh Way,sdolby3r@latimes.com
Arliene Worsnap,181 Lakewood Plaza,aworsnap3s@ovh.net
Sigmund Dowson,791 Hintze Alley,sdowson3t@ustream.tv
Jacky Godfery,749 Cherokee Trail,jgodfery3u@answers.com
Fiorenze Saul,1 Prentice Street,fsaul3v@domainmarket.com
Waneta Landsborough,771 Forest Dale Crossing,wlandsborough3w@themeforest.net
Sherilyn Rock,3821 Southridge Parkway,srock3x@elegantthemes.com
Kerianne Clement,29534 Fulton Center,kclement3y@skype.com
Twila Train,167 Village Green Crossing,ttrain3z@linkedin.com
Andie Amori,3240 Twin Pines Terrace,aamori40@macromedia.com
Odille Carver,65 Corscot Crossing,ocarver41@reverbnation.com
Camilla Tolomelli,807 Continental Hill,ctolomelli42@time.com
Derward McCloy,19068 Helena Street,dmccloy43@rakuten.co.jp
Vyky Postance,887 Pennsylvania Parkway,vpostance44@cornell.edu
Noel Mullinger,7215 Oak Plaza,nmullinger45@phpbb.com
Pammy Mearns,8 Loeprich Road,pmearns46@ibm.com
Hewet Mills,08 Hovde Drive,hmills47@dmoz.org
Guilbert Kubik,96 Donald Center,gkubik48@eepurl.com
Carolann Small,564 Summer Ridge Way,csmall49@hhs.gov
Reade Skillanders,250 Parkside Junction,rskillanders4a@i2i.jp
Kristal Gymlett,69 Norway Maple Plaza,kgymlett4b@ted.com
Isa Mathewson,3843 Florence Court,imathewson4c@dot.gov
Donn Bartaletti,156 Cordelia Center,dbartaletti4d@tuttocitta.it
Rob Gonnet,257 Russell Street,rgonnet4e@springer.com
Lulita Thurske,05207 Crowley Drive,lthurske4f@weebly.com
Lilli Keith,57 Clyde Gallagher Court,lkeith4g@shutterfly.com
Langsdon Pettisall,1124 Golden Leaf Plaza,lpettisall4h@vk.com
Marja Tedorenko,072 Stone Corner Junction,mtedorenko4i@blogs.com
Florette Muris,8 Truax Pass,fmuris4j@goo.gl
Adah Plastow,743 Pine View Way,aplastow4k@cyberchimps.com
Melina Boxhall,75 Dapin Trail,mboxhall4l@ftc.gov
Craig Decroix,315 Farmco Pass,cdecroix4m@cmu.edu
Esra Brinkman,312 Forest Run Alley,ebrinkman4n@bravesites.com
Sapphira Satterfitt,33 Kinsman Plaza,ssatterfitt4o@nytimes.com
Belia Faltskog,3926 Dryden Crossing,bfaltskog4p@imageshack.us
Lionello Richings,224 Johnson Avenue,lrichings4q@flavors.me
Francesca Tregale,6460 Dakota Center,ftregale4r@arstechnica.com
Vivyan Luno,71 Hoard Street,vluno4s@uol.com.br
Latisha Husbands,0 Steensland Street,lhusbands4t@studiopress.com
Hinda Langrish,54445 Basil Point,hlangrish4u@imdb.com
Stacey Grishenkov,998 Surrey Junction,sgrishenkov4v@wired.com
Pia Jopson,0 1st Court,pjopson4w@bravesites.com
Luca Mongain,12 Kings Point,lmongain4x@craigslist.org
Lilia Baugham,94 Rockefeller Street,lbaugham4y@biglobe.ne.jp
Morry Baxandall,74 Kennedy Terrace,mbaxandall4z@dailymotion.com
Trina Filipczynski,3152 Cascade Court,tfilipczynski50@uiuc.edu
Noe Scarisbrick,011 Bayside Hill,nscarisbrick51@patch.com
Olly Gorhardt,1 Reinke Alley,ogorhardt52@clickbank.net
Cello Grieves,8 Hovde Crossing,cgrieves53@reverbnation.com
Harriott Mainz,663 Florence Park,hmainz54@go.com
Daphne Thormann,94718 Bartelt Point,dthormann55@dell.com
Clementia Glidder,0 Loomis Pass,cglidder56@engadget.com
Franciska Stickford,2848 Lunder Parkway,fstickford57@mashable.com
Ade Camel,6410 Fieldstone Parkway,acamel58@odnoklassniki.ru
Raffaello Harner,4274 School Park,rharner59@facebook.com
Burtie Ewbanck,7 Westerfield Trail,bewbanck5a@hao123.com
Tripp Eykel,5422 Carioca Junction,teykel5b@ft.com
Florence Hunnicot,3997 Holy Cross Lane,fhunnicot5c@ning.com
Margery Crummy,96725 Moulton Plaza,mcrummy5d@opensource.org
Catarina Matresse,8420 Marquette Park,cmatresse5e@biglobe.ne.jp
Alexandro Ginnell,39479 Loeprich Plaza,aginnell5f@qq.com
Ivor McGall,3 Eagle Crest Park,imcgall5g@economist.com
Melicent Agutter,78578 Nelson Pass,magutter5h@unc.edu
Fairleigh Rennock,3 Lakewood Gardens Center,frennock5i@fotki.com
Trever Kimmel,00 Colorado Court,tkimmel5j@technorati.com
Edithe Carnalan,1702 Scofield Junction,ecarnalan5k@bbc.co.uk
Luigi MacCauley,0 Northridge Terrace,lmaccauley5l@bbc.co.uk
Raphaela Snyder,51 Mitchell Pass,rsnyder5m@google.pl
Bonnie Bischof,68 Bonner Road,bbischof5n@youku.com
Clyve Murrow,85 Monterey Hill,cmurrow5o@stumbleupon.com
Larina Dourin,2465 Maple Drive,ldourin5p@bbc.co.uk
Aldridge Raw,8250 Clyde Gallagher Point,araw5q@businessinsider.com
Alex Crebo,9 Golf Course Hill,acrebo5r@squarespace.com
Mario Jenkin,6 Sherman Place,mjenkin5s@arstechnica.com
Tish Ashfold,364 Melrose Point,tashfold5t@mit.edu
Ulberto Lindholm,6 Sutteridge Road,ulindholm5u@dion.ne.jp
Adrianne BURWIN,72194 Morning Alley,aburwin5v@goo.gl
Urbanus Daye,05 Nancy Circle,udaye5w@alibaba.com
Mercedes Jeeks,8517 Green Ridge Hill,mjeeks5x@engadget.com
Ingra Olivie,3030 Southridge Avenue,iolivie5y@jimdo.com
Carney Colgrave,5 Armistice Drive,ccolgrave5z@delicious.com
Saba Eite,10 Straubel Junction,seite60@marketwatch.com
Ronny Ginman,3669 Hayes Plaza,rginman61@google.nl
Dode Habeshaw,68700 Basil Junction,dhabeshaw62@unc.edu
Philippine Price,1054 Chive Plaza,pprice63@scribd.com
Joann Hearnshaw,87612 Chinook Lane,jhearnshaw64@uol.com.br
Ignaz Dugald,40085 Ilene Pass,idugald65@diigo.com
Rory Kleinberer,7661 Eastlawn Circle,rkleinberer66@surveymonkey.com
Terrance Edwicker,3 Lunder Plaza,tedwicker67@eventbrite.com
Tersina Ferenczi,16 Veith Crossing,tferenczi68@blog.com
Cammy McMeekin,3 Waubesa Hill,cmcmeekin69@themeforest.net
Ulrica Nann,845 Schlimgen Terrace,unann6a@wordpress.org
Dalton Boerder,362 Oak Valley Alley,dboerder6b@squarespace.com
Pia Winmill,2879 Morning Point,pwinmill6c@marriott.com
Karlyn Karpeev,40 Havey Lane,kkarpeev6d@mac.com
Fee Backwell,5 Loomis Terrace,fbackwell6e@yahoo.com
Xylina Pennock,1 Porter Junction,xpennock6f@cam.ac.uk
Thorpe Hamper,5 Mesta Avenue,thamper6g@ovh.net
Christine Daniell,72306 Bartelt Trail,cdaniell6h@hexun.com
Roscoe Phelan,48 Anzinger Street,rphelan6i@vinaora.com
Ichabod Cucuzza,69 Waxwing Road,icucuzza6j@narod.ru
Elisabetta Daverin,6273 Talmadge Way,edaverin6k@dyndns.org
Kania Standing,17977 Kedzie Parkway,kstanding6l@slate.com
Tildi Tibbetts,13197 West Drive,ttibbetts6m@nbcnews.com
Diandra Llewhellin,1 Fremont Crossing,dllewhellin6n@sbwire.com
Vitoria Enders,1 West Court,venders6o@yellowpages.com
Malissia Berecloth,0267 Sachs Court,mberecloth6p@cnet.com
Shaine Cretney,468 Granby Plaza,scretney6q@examiner.com
Dorice Delion,06 Kim Circle,ddelion6r@nasa.gov
Yolanda Dranfield,06735 Parkside Lane,ydranfield6s@newyorker.com
Erinna Hurlston,5 Westend Street,ehurlston6t@samsung.com
Jocko Stark,79 Del Mar Alley,jstark6u@sun.com
Miguela Huot,6627 Randy Terrace,mhuot6v@whitehouse.gov
Margarita Kensley,1 Fair Oaks Trail,mkensley6w@economist.com
Susann Robker,347 Del Sol Court,srobker6x@timesonline.co.uk
Niles Ive,8 Dottie Place,nive6y@epa.gov
Vergil Burling,228 Hoffman Avenue,vburling6z@independent.co.uk
Kirk Mulloch,97169 Glendale Drive,kmulloch70@mayoclinic.com
Skip Saladine,5138 Ridge Oak Drive,ssaladine71@hibu.com
Flem Kochlin,245 Waywood Terrace,fkochlin72@friendfeed.com
Raynell Wing,23 Waubesa Drive,rwing73@discovery.com
Warner Tumulty,59205 Chinook Circle,wtumulty74@behance.net
Ruddie Chown,4112 Shelley Drive,rchown75@jugem.jp
Enrique McInnes,6998 Elgar Way,emcinnes76@sitemeter.com
Hadria Belton,556 Cambridge Alley,hbelton77@mayoclinic.com
Isador Brash,059 Badeau Circle,ibrash78@t.co
Huntley Peagrim,63 Caliangt Terrace,hpeagrim79@usa.gov
Noak Kays,3 Delladonna Drive,nkays7a@imgur.com
Urson Sibbson,57 Pepper Wood Plaza,usibbson7b@sina.com.cn
Jephthah Breache,38 Bayside Circle,jbreache7c@answers.com
Dulci Meneghi,81373 Sauthoff Street,dmeneghi7d@illinois.edu
Bambi Custard,02386 Brickson Park Street,bcustard7e@nyu.edu
Sharline Shapland,74827 Crowley Avenue,sshapland7f@dot.gov
Theressa Stephenson,2 Warner Drive,tstephenson7g@yelp.com
Evin Livesley,140 Dottie Court,elivesley7h@webnode.com
Carlos Dalgarnowch,455 Tennessee Street,cdalgarnowch7i@dailymotion.com
Philly Leckey,58745 Del Sol Park,pleckey7j@angelfire.com
Roselin Collop,63 Homewood Parkway,rcollop7k@wix.com
Nichole Thrift,28 Welch Drive,nthrift7l@statcounter.com
Stevena Matfield,567 Continental Alley,smatfield7m@tinyurl.com
Odell Medcraft,7 Wayridge Court,omedcraft7n@google.it
Donnie Shallo,41204 Pawling Parkway,dshallo7o@blogs.com
Rania Shave,7 Farmco Trail,rshave7p@google.ca
Alfie Curnock,13 Moulton Junction,acurnock7q@merriam-webster.com
Ase Rolfs,1 Burning Wood Parkway,arolfs7r@indiegogo.com
Gibb Quarless,20 Barby Pass,gquarless7s@last.fm
Brandise Tampin,7381 Oneill Way,btampin7t@posterous.com
Lombard Wardlow,79 Monica Crossing,lwardlow7u@amazon.co.jp
Alida Gotobed,0445 7th Way,agotobed7v@taobao.com
Wake Iacobetto,6183 Holmberg Terrace,wiacobetto7w@springer.com
Sheree Vose,82763 Raven Center,svose7x@house.gov
Berkie Bonnefin,49094 Rieder Circle,bbonnefin7y@networksolutions.com
Danny Leythley,5954 Maple Park,dleythley7z@elpais.com
Lovell Brownsea,96771 Washington Lane,lbrownsea80@google.com.hk
Shayla Bonass,9 Karstens Trail,sbonass81@newsvine.com
Corny Borres,3 Waubesa Alley,cborres82@quantcast.com
Mason Covelle,743 Blue Bill Park Avenue,mcovelle83@people.com.cn
Christoforo Curzey,91 Vahlen Parkway,ccurzey84@shinystat.com
Wait Love,01516 Sage Pass,wlove85@theguardian.com
Natassia Handes,678 Dwight Park,nhandes86@amazon.com
Mallissa Branni,4072 Clemons Parkway,mbranni87@deliciousdays.com
Darsey Hutable,65 Cody Alley,dhutable88@rakuten.co.jp
Norah Handmore,80 Charing Cross Way,nhandmore89@alibaba.com
Garrick Bossingham,5305 Carberry Pass,gbossingham8a@netlog.com
Noemi Ivanshintsev,667 Summer Ridge Center,nivanshintsev8b@slashdot.org
Romola Dyde,3 Pawling Alley,rdyde8c@oracle.com
Mar Loade,3902 Leroy Park,mloade8d@digg.com
Nonie Blowers,92974 Mesta Place,nblowers8e@last.fm
Lanny Clohissy,472 Rockefeller Street,lclohissy8f@free.fr
Marylynne Cloney,05779 Express Road,mcloney8g@multiply.com
Roderick Bernini,12 Straubel Center,rbernini8h@ebay.co.uk
Felisha Burras,9 Starling Way,fburras8i@pen.io
Valera Emburey,544 Debra Terrace,vemburey8j@parallels.com
Codee Matitiaho,04 Holy Cross Trail,cmatitiaho8k@google.com.hk
Stefa Bosma,70430 Calypso Parkway,sbosma8l@chicagotribune.com
Dino Heyball,56258 Hooker Crossing,dheyball8m@desdev.cn
Sharia Olenchenko,75498 Bobwhite Terrace,solenchenko8n@t-online.de
Shandy Boffin,48443 Pond Way,sboffin8o@typepad.com
Livvie Delany,922 Fallview Crossing,ldelany8p@github.io
Karla Spurett,579 Granby Hill,kspurett8q@nymag.com
Lea Ruffler,442 Dovetail Parkway,lruffler8r@nba.com
Mitch Warlton,13248 Melrose Center,mwarlton8s@plala.or.jp
Chick Swiffan,1 Boyd Terrace,cswiffan8t@free.fr
Stanwood Tellenbroker,7 Trailsway Street,stellenbroker8u@issuu.com
Aurelea Voas,542 East Parkway,avoas8v@google.fr
Carmelle Facey,85523 Oak Lane,cfacey8w@facebook.com
Borden Jerschke,24830 Fieldstone Hill,bjerschke8x@i2i.jp
Jude Wilshire,5 Northfield Lane,jwilshire8y@irs.gov
Rodrigo Spadoni,168 Barnett Court,rspadoni8z@squidoo.com
Nerty Cosstick,16 Fairview Avenue,ncosstick90@github.com
Piggy Ewert,59910 Lighthouse Bay Plaza,pewert91@free.fr
Maren Vigrass,28811 Butterfield Lane,mvigrass92@harvard.edu
Harli Hairsnape,9 Prentice Park,hhairsnape93@sitemeter.com
Morly McNelly,771 Farmco Park,mmcnelly94@livejournal.com
Ivar Darrigone,517 8th Park,idarrigone95@ucoz.com
Gwendolyn Lutwyche,17 Killdeer Lane,glutwyche96@howstuffworks.com
Georgiana Ianitti,7032 Walton Crossing,gianitti97@auda.org.au
Nonnah Leavold,3843 Mandrake Junction,nleavold98@upenn.edu
Eadith Mellon,7322 Basil Point,emellon99@shareasale.com
Lindsay MacGarvey,60399 Bultman Way,lmacgarvey9a@addthis.com
Lucinda Draysay,32 Hintze Plaza,ldraysay9b@gravatar.com
Jen Errigo,3 1st Road,jerrigo9c@illinois.edu
Lacie Gally,29 Valley Edge Place,lgally9d@discovery.com
Moses Linzey,56979 Sunfield Lane,mlinzey9e@google.pl
Fergus McDuffy,2354 Havey Junction,fmcduffy9f@amazon.co.jp
Laina Harmant,74991 Towne Pass,lharmant9g@va.gov
Nils Adamo,58771 Dayton Trail,nadamo9h@google.pl
Kimball Quirke,45 Coleman Terrace,kquirke9i@google.com
Heloise Dornin,317 Maryland Terrace,hdornin9j@ustream.tv
Geri Buddles,32676 Garrison Point,gbuddles9k@prnewswire.com
Rozanne Batterson,56 Barby Way,rbatterson9l@phpbb.com
Justino Doddemeade,6943 Oak Valley Place,jdoddemeade9m@yahoo.com
Gelya Buckthorp,7 Springs Plaza,gbuckthorp9n@addtoany.com
Lynnelle Cockerton,11753 Straubel Circle,lcockerton9o@discovery.com
Myrtia Crab,91 Claremont Parkway,mcrab9p@arstechnica.com
Cecilius O'Heffernan,9 Basil Point,coheffernan9q@sohu.com
Anita Antoniutti,4 Clemons Place,aantoniutti9r@constantcontact.com
Antin Braybrooks,7784 Dryden Street,abraybrooks9s@sakura.ne.jp
Veriee Brockett,3 Farwell Hill,vbrockett9t@bloglines.com
Gabrielle Lydford,47 Mosinee Point,glydford9u@alexa.com
Kristel Rossetti,04097 Barby Lane,krossetti9v@foxnews.com
Sonny Iacabucci,99638 Becker Plaza,siacabucci9w@ucla.edu
Piggy Worrall,234 Arkansas Way,pworrall9x@imgur.com
Roselle Whisby,3 Grasskamp Point,rwhisby9y@shop-pro.jp
Hanan Henri,9792 Hintze Lane,hhenri9z@china.com.cn
Thekla Winterton,8 Armistice Place,twintertona0@census.gov
Roma Mitchley,20 Blue Bill Park Point,rmitchleya1@squarespace.com
Damaris Simkins,28597 Anzinger Circle,dsimkinsa2@pbs.org
Velma Wolffers,93 Lotheville Lane,vwolffersa3@chronoengine.com
Cassi Ludee,1624 Vermont Alley,cludeea4@prweb.com
Aleece Laming,8941 Longview Pass,alaminga5@rambler.ru
Wilbert Sigward,8444 Westport Center,wsigwarda6@meetup.com
Meggy McMurrugh,600 Menomonie Junction,mmcmurrugha7@answers.com
Law Gunning,0 Kinsman Drive,lgunninga8@trellian.com
Minne Lody,0380 Carey Hill,mlodya9@rediff.com
Jeffrey Matteotti,15023 Farmco Avenue,jmatteottiaa@shutterfly.com
Cybill Churchward,462 School Lane,cchurchwardab@comcast.net
Kirstin Powe,8 Cody Lane,kpoweac@biglobe.ne.jp
Tedman Alyonov,496 Bartelt Center,talyonovad@histats.com
Jaquenette Lewens,437 Butterfield Point,jlewensae@xing.com
Jennee Geddis,38104 Towne Trail,jgeddisaf@state.gov
Dag Pretty,38 Moland Center,dprettyag@example.com
Kristan Ybarra,7757 Crest Line Court,kybarraah@sciencedirect.com
Rafferty Cushe,23 Cascade Point,rcusheai@newsvine.com
Goldie McFfaden,433 Hooker Parkway,gmcffadenaj@scientificamerican.com
Bradley Vedekhin,42 Center Crossing,bvedekhinak@vinaora.com
Tuesday McCabe,66 Merrick Terrace,tmccabeal@e-recht24.de
Hildegaard St. Hill,9 West Drive,hstam@nytimes.com
Fletcher Alti,358 Eastwood Center,faltian@yelp.com
Emilee Rockey,84096 Eastwood Point,erockeyao@booking.com
Henriette Elstob,6386 Norway Maple Avenue,helstobap@washingtonpost.com
Adrea Wycliff,94 Caliangt Court,awycliffaq@gov.uk
Michel Schultes,645 Bay Alley,mschultesar@addthis.com
Dulci Koopman,71376 Mayfield Road,dkoopmanas@smh.com.au
Else Northleigh,2 Kensington Circle,enorthleighat@github.com
Lorrin Banyard,45427 Jackson Way,lbanyardau@pinterest.com
Doll Hould,53851 Acker Court,dhouldav@amazonaws.com
Garvy Pepye,384 International Hill,gpepyeaw@flavors.me
Sandie Tilney,55309 Sheridan Lane,stilneyax@va.gov
Sanson MacAlaster,7409 Maywood Place,smacalasteray@usda.gov
Michelina Chetter,03027 Hintze Terrace,mchetteraz@ezinearticles.com
Lynnet Bletcher,88 Eagle Crest Road,lbletcherb0@independent.co.uk
Honor Bourton,518 Pearson Hill,hbourtonb1@taobao.com
Harv Carbery,9 Eagan Crossing,hcarberyb2@npr.org
Iggy Glowacki,979 Dovetail Trail,iglowackib3@domainmarket.com
Lyn Cantrell,50 Toban Drive,lcantrellb4@ucla.edu
Francois Lidgely,735 Delladonna Drive,flidgelyb5@icio.us
Evaleen Hinrich,4703 Loeprich Avenue,ehinrichb6@wp.com
Alyssa Gasker,36776 Ruskin Parkway,agaskerb7@paypal.com
Seline Husk,7726 Straubel Drive,shuskb8@sfgate.com
Micky Lawrie,739 Golf Drive,mlawrieb9@about.com
Sosanna Worral,9313 Menomonie Pass,sworralba@sphinn.com
Teirtza Petegree,12 Vernon Way,tpetegreebb@eepurl.com
Gertrude Oggers,8 Erie Crossing,goggersbc@nhs.uk
Marijn Reddle,9868 Lakewood Terrace,mreddlebd@census.gov
Orlando Ciepluch,836 Sauthoff Junction,ociepluchbe@a8.net
Kendall Boltwood,94 Muir Point,kboltwoodbf@thetimes.co.uk
Gert Ravilus,87242 Crowley Junction,gravilusbg@last.fm
Chelsae Boyet,45 Saint Paul Crossing,cboyetbh@reverbnation.com
Madel Rainton,07599 Susan Alley,mraintonbi@abc.net.au
Corly Wilsher,367 Warner Court,cwilsherbj@tuttocitta.it
Drusi Krook,9816 Mayer Street,dkrookbk@php.net
Kelcey Brownsell,5962 Michigan Place,kbrownsellbl@globo.com
Farrand Szymaniak,86 Cody Drive,fszymaniakbm@ehow.com
Tobie Hollier,06201 Katie Street,thollierbn@constantcontact.com
Miguel Whorall,34923 Mcguire Hill,mwhorallbo@dailymotion.com
Milissent Shercliff,33442 Veith Circle,mshercliffbp@ycombinator.com
Chandler Keggin,67 Leroy Place,ckegginbq@reddit.com
Clemmy Varlow,3 Havey Place,cvarlowbr@technorati.com
Hyacinthe Reinhardt,655 Kings Circle,hreinhardtbs@si.edu
Sammy Everard,3971 Helena Avenue,severardbt@hubpages.com
Brande Gannicleff,60 Anhalt Plaza,bgannicleffbu@gravatar.com
Court Kidstone,908 Oak Road,ckidstonebv@alibaba.com
Dag Espinha,5043 Stone Corner Way,despinhabw@hubpages.com
Cordelie Franc,480 Kinsman Terrace,cfrancbx@bigcartel.com
Abran Taberner,648 Summit Parkway,atabernerby@sakura.ne.jp
Dirk McPheat,04 Katie Drive,dmcpheatbz@bloglovin.com
Orville Fidge,4 Schiller Place,ofidgec0@psu.edu
Rosmunda Tibbs,7 Merry Circle,rtibbsc1@macromedia.com
Toddy Lay,25 Spenser Drive,tlayc2@bloglovin.com
Corette Megany,23 Browning Alley,cmeganyc3@techcrunch.com
Rab Rigg,4764 Saint Paul Drive,rriggc4@skype.com
Quintina Cypler,63229 Service Plaza,qcyplerc5@skype.com
Sophi Gaine of England,1852 Ronald Regan Street,sgainec6@tuttocitta.it
Hilario Screach,40150 Mayer Hill,hscreachc7@purevolume.com
Clint Stroder,6989 Carioca Junction,cstroderc8@parallels.com
Abdel Scirman,59 Hovde Lane,ascirmanc9@weibo.com
Elbertine Vest,00902 Truax Alley,evestca@fema.gov
Godfry Luker,15 Mosinee Plaza,glukercb@weather.com
Putnem Walcar,8343 Melody Lane,pwalcarcc@amazon.co.uk
Scarface Dawney,140 Prentice Parkway,sdawneycd@freewebs.com
Hercule Cooke,3212 Golf Course Crossing,hcookece@google.ru
Wakefield Biskupek,508 Rigney Way,wbiskupekcf@nature.com
Herrick Hegges,1 Namekagon Terrace,hheggescg@topsy.com
Garrott Softley,977 Boyd Parkway,gsoftleych@mysql.com
Arline Hartburn,860 Gina Trail,ahartburnci@cyberchimps.com
Alfy Crush,18501 Superior Trail,acrushcj@mozilla.org
Kearney Scahill,6365 Veith Way,kscahillck@weibo.com
Lev Alger,76048 Maple Place,lalgercl@ustream.tv
Marika Cuckson,88797 Green Ridge Pass,mcucksoncm@ca.gov
Sandye Fearney,45329 Lawn Parkway,sfearneycn@upenn.edu
La verne Goatcher,1379 Kim Court,lverneco@youtube.com
Darda Hebbes,92 Chive Park,dhebbescp@cdc.gov
Erna Gooderridge,5 Ohio Center,egooderridgecq@epa.gov
Dun Commuzzo,9 Mendota Drive,dcommuzzocr@merriam-webster.com
Lin Haffard,5 Prairieview Point,lhaffardcs@disqus.com
Trenton Baxstar,00383 Darwin Lane,tbaxstarct@walmart.com
Margareta Danilenko,6723 Amoth Terrace,mdanilenkocu@spiegel.de
Aldin Back,11 Crownhardt Crossing,abackcv@pen.io
Rebekkah Priddie,92802 Holy Cross Circle,rpriddiecw@clickbank.net
Cristina Syalvester,6807 Gulseth Avenue,csyalvestercx@usa.gov
Leontyne Menendez,21139 Delladonna Street,lmenendezcy@gizmodo.com
Webster Asson,15 Buell Avenue,wassoncz@blogspot.com
Ollie Spadotto,86 Rockefeller Pass,ospadottod0@symantec.com
Forester Menure,819 Corscot Circle,fmenured1@discuz.net
Lorant Crotty,75 Lukken Way,lcrottyd2@ow.ly
Mortie Tichner,9 Union Court,mtichnerd3@wiley.com
Casey McGinney,4 Melody Alley,cmcginneyd4@hugedomains.com
Leandra Coates,4482 Red Cloud Terrace,lcoatesd5@mlb.com
Kerrin Yurivtsev,8 Dapin Crossing,kyurivtsevd6@geocities.com
Daniel Harford,71 Spaight Pass,dharfordd7@cargocollective.com
Heloise Keers,33 Petterle Terrace,hkeersd8@devhub.com
Hendrick Engel,377 Buell Parkway,hengeld9@economist.com
Stafani Coombes,939 Shopko Street,scoombesda@princeton.edu
Michele Skoggins,72 Hazelcrest Park,mskogginsdb@linkedin.com
Carlyle Mariault,66475 Leroy Crossing,cmariaultdc@parallels.com
Octavius Jeaycock,343 Eastlawn Place,ojeaycockdd@deliciousdays.com
Britt Storey,53756 Sloan Point,bstoreyde@sphinn.com
Elyn Downey,5 Trailsway Terrace,edowneydf@usda.gov
Skipton Loton,2588 Hovde Terrace,slotondg@utexas.edu
Eulalie Feldbau,60459 Autumn Leaf Circle,efeldbaudh@oaic.gov.au
Arv Skirvane,086 Crowley Plaza,askirvanedi@reddit.com
Dedie Insole,2 Bluestem Way,dinsoledj@wikia.com
Astrid Mollindinia,344 Anzinger Avenue,amollindiniadk@twitter.com
Pierce Bilby,06 Buell Trail,pbilbydl@tamu.edu
Boote Littlefield,599 Derek Point,blittlefielddm@marketwatch.com
Drew Pearcehouse,52261 Lawn Hill,dpearcehousedn@rakuten.co.jp
Ginnie Dubble,8 Iowa Court,gdubbledo@vk.com
Jaclin Venning,792 Norway Maple Way,jvenningdp@reference.com
Faustine Pinchon,6327 Michigan Terrace,fpinchondq@redcross.org
Hillary Scandwright,2864 Cottonwood Lane,hscandwrightdr@hatena.ne.jp
Nerty Oakenfield,8873 Kennedy Way,noakenfieldds@tamu.edu
Olenka Fetterplace,37312 Eastlawn Court,ofetterplacedt@comsenz.com
Elianora Arnal,4 5th Crossing,earnaldu@wp.com
Sarette Laxton,339 Bartelt Terrace,slaxtondv@ask.com
Friedrich MacAndrew,2599 Dorton Trail,fmacandrewdw@rambler.ru
Christoph Ladlow,97431 Messerschmidt Road,cladlowdx@marketwatch.com
Roanne Dedmam,4521 Meadow Valley Park,rdedmamdy@xing.com
Shanda Dobrovolny,82 Melody Park,sdobrovolnydz@xing.com
Margette Obal,8012 Forster Pass,mobale0@wikipedia.org
Jone Gairdner,330 Kipling Street,jgairdnere1@furl.net
Ogden Tatchell,035 Atwood Avenue,otatchelle2@youtube.com
Mathew Aylmer,590 Pepper Wood Pass,maylmere3@mtv.com
Lida Grzesiewicz,516 Prairie Rose Parkway,lgrzesiewicze4@ucsd.edu
Ellary Hurst,5 Talisman Hill,ehurste5@businessinsider.com
Jemie Skeffington,829 Atwood Circle,jskeffingtone6@youku.com
Kevin Blaszczyk,37 Hollow Ridge Place,kblaszczyke7@imgur.com
Melisenda Saby,40 Carioca Center,msabye8@wunderground.com
Ladonna Demicoli,9 Milwaukee Point,ldemicolie9@army.mil
Yuri Mansuer,5 Sloan Way,ymansuerea@marketwatch.com
Brunhilde Rourke,261 Scoville Drive,brourkeeb@phpbb.com
Merralee Picker,6 Fulton Lane,mpickerec@telegraph.co.uk
Cosmo Verson,1 Maywood Plaza,cversoned@goo.gl
Darill Slowly,78296 John Wall Place,dslowlyee@imageshack.us
Cristian Spencelayh,68 Hollow Ridge Place,cspencelayhef@slideshare.net
Opal Gillard,46996 Elka Drive,ogillardeg@photobucket.com
Ekaterina d'Arcy,0 Di Loreto Pass,edarcyeh@usa.gov
Saul Locard,289 Melby Avenue,slocardei@stumbleupon.com
Marti Compfort,5222 Burning Wood Terrace,mcompfortej@yellowbook.com
Mellisa Bleacher,69393 Prairieview Point,mbleacherek@woothemes.com
Leyla Fonso,421 Vidon Hill,lfonsoel@paginegialle.it
Viki Lexa,54853 Loeprich Avenue,vlexaem@wikia.com
Adolphus Kopelman,98 Hanover Road,akopelmanen@symantec.com
Spencer Bestwick,48827 Mccormick Plaza,sbestwickeo@auda.org.au
Grant Springham,71725 Bayside Road,gspringhamep@tinypic.com
Lew Muzzlewhite,6843 Morning Way,lmuzzlewhiteeq@wordpress.com
Stevana Wiburn,294 Amoth Way,swiburner@wunderground.com
Graig Blaker,25 Randy Court,gblakeres@ca.gov
Ericka Lindberg,4111 Dakota Pass,elindberget@hhs.gov
Anson Fuke,3950 Carioca Park,afukeeu@xinhuanet.com
Petra Dayne,2266 Montana Way,pdayneev@guardian.co.uk
Hedwig Maciejak,0 Bellgrove Avenue,hmaciejakew@webeden.co.uk
Rakel Moffet,3335 Emmet Alley,rmoffetex@hhs.gov
Koenraad Seifenmacher,72 Spohn Junction,kseifenmacherey@goo.gl
Amelie Alekseev,8 Karstens Avenue,aalekseevez@dropbox.com
Sibley Kindred,3448 Merrick Crossing,skindredf0@ustream.tv
Arlee Reoch,6 Rieder Trail,areochf1@berkeley.edu
Jelene Stuart,0956 Russell Lane,jstuartf2@eepurl.com
Lyn Charles,2210 Pleasure Point,lcharlesf3@usgs.gov
Devan Reuven,353 6th Circle,dreuvenf4@mozilla.org
Leena Althorpe,94 Dennis Place,lalthorpef5@histats.com
Wanids Arnaudin,8243 Bayside Circle,warnaudinf6@com.com
Marnie Vanyukov,873 Bay Trail,mvanyukovf7@archive.org
Rafael Petersen,79 Lakeland Alley,rpetersenf8@sciencedaily.com
Glad Klawi,756 Mosinee Center,gklawif9@digg.com
Corrinne Necolds,928 Bunker Hill Junction,cnecoldsfa@google.com
Francisco Edensor,4901 Vernon Avenue,fedensorfb@phoca.cz
Morganne Paiton,34 Farragut Center,mpaitonfc@51.la
Beatrix Vasyuchov,3767 Carberry Court,bvasyuchovfd@bizjournals.com
Kizzie Rowe,214 Hooker Hill,krowefe@google.com.au
Ulrick Czapla,0368 Tennessee Center,uczaplaff@harvard.edu
Rodie Scotson,104 Iowa Point,rscotsonfg@washingtonpost.com
Letty Lowseley,246 Harbort Alley,llowseleyfh@nba.com
Carly Navan,46901 Luster Circle,cnavanfi@nsw.gov.au
Sasha Diaper,912 Pawling Road,sdiaperfj@t.co
Ruthy Havis,49 Tennyson Trail,rhavisfk@blinklist.com
Calli Waterdrinker,18957 Del Sol Alley,cwaterdrinkerfl@dot.gov
Ruthi Beauchamp,82 Calypso Hill,rbeauchampfm@dagondesign.com
Bentlee Kuban,52234 Shelley Street,bkubanfn@jalbum.net
Clyve Moles,985 Mcguire Parkway,cmolesfo@theglobeandmail.com
Brunhilda Cardinal,6427 Barnett Center,bcardinalfp@sohu.com
Von McCully,4 5th Crossing,vmccullyfq@vinaora.com
Skipton Otto,0289 Mariners Cove Point,sottofr@prweb.com
Goddard Shervington,0522 Charing Cross Point,gshervingtonfs@ibm.com
Garv Gemnett,2 Butterfield Point,ggemnettft@fda.gov
Terrel Caygill,6141 Comanche Alley,tcaygillfu@wikia.com
Erna Pude,87 Scott Place,epudefv@businesswire.com
Clarice Milne,57 Arkansas Drive,cmilnefw@i2i.jp
Jackie Peare,340 Hoard Circle,jpearefx@wordpress.org
Celestyn Cavolini,9 Saint Paul Circle,ccavolinify@storify.com
Glynnis Orgee,26 Browning Road,gorgeefz@tamu.edu
Dennis Braemer,4 Daystar Avenue,dbraemerg0@cbc.ca
Koenraad Corsor,1 Center Court,kcorsorg1@mashable.com
Jania Livezley,080 Buena Vista Parkway,jlivezleyg2@ucoz.com
Theresita Harbord,05055 Rockefeller Road,tharbordg3@oakley.com
Adiana Brimm,413 Kingsford Drive,abrimmg4@noaa.gov
Doretta Taaffe,8862 Schmedeman Trail,dtaaffeg5@google.co.jp
Donny Pulham,2246 Boyd Trail,dpulhamg6@ft.com
Joel Geely,25766 Moland Place,jgeelyg7@zimbio.com
Glennis Piell,43 Center Terrace,gpiellg8@umich.edu
Yasmin Karpfen,74989 Pleasure Court,ykarpfeng9@blogs.com
Winny Dulinty,3784 Carey Place,wdulintyga@salon.com
Galven Defrain,4 Mcguire Court,gdefraingb@tinyurl.com
Evelin Zecchetti,92736 Kennedy Terrace,ezecchettigc@squidoo.com
Fritz Matis,3301 Wayridge Drive,fmatisgd@nydailynews.com
Montgomery Eastabrook,88076 Amoth Trail,meastabrookge@abc.net.au
Tristan Kelner,69 Washington Avenue,tkelnergf@columbia.edu
Jaquith Coxhell,68 Eagle Crest Hill,jcoxhellgg@prweb.com
Jilly Popescu,7206 Kropf Park,jpopescugh@chron.com
Tasia Kobes,49557 Katie Plaza,tkobesgi@bbc.co.uk
Marcelle Yurevich,73019 Becker Park,myurevichgj@twitpic.com
Marge Ledgerton,203 Bay Alley,mledgertongk@google.de
Gabe Elward,45811 Tony Lane,gelwardgl@dion.ne.jp
Salem Masham,79 Blaine Junction,smashamgm@flavors.me
Gaby Deamer,4 Forster Way,gdeamergn@stanford.edu
Heather Keppe,4092 Arkansas Crossing,hkeppego@sfgate.com
Lelah Cinnamond,1879 Erie Terrace,lcinnamondgp@tiny.cc
Codi Hardman,0 Rockefeller Alley,chardmangq@woothemes.com
Gertie Gwynn,2 Pleasure Court,ggwynngr@zimbio.com
Danette Busk,670 Golf View Crossing,dbuskgs@prnewswire.com
Ninnette Tippetts,89 Steensland Plaza,ntippettsgt@ca.gov
Adan Dronsfield,7986 Jenna Road,adronsfieldgu@ucsd.edu
Darlleen Mabey,5010 Graedel Drive,dmabeygv@jugem.jp
Bertram Mafham,97703 Utah Drive,bmafhamgw@wunderground.com
Sansone Joscelin,2912 Wayridge Hill,sjoscelingx@xrea.com
Keelby Prugel,80 Trailsway Junction,kprugelgy@usa.gov
Shirline Teulier,437 Carioca Crossing,steuliergz@wordpress.org
Reagan Towse,18832 Butterfield Alley,rtowseh0@ebay.co.uk
Lothaire Huc,75102 Bartillon Alley,lhuch1@bloglines.com
Byron Walkley,3 Hooker Place,bwalkleyh2@slate.com
Modestine Jellings,26831 Fallview Park,mjellingsh3@jalbum.net
Jeni Gillison,899 1st Road,jgillisonh4@phoca.cz
Pegeen Meneur,5 Straubel Plaza,pmeneurh5@hhs.gov
Lyndell Pes,442 Shoshone Parkway,lpesh6@irs.gov
Van Swallwell,79204 Hermina Pass,vswallwellh7@thetimes.co.uk
Nady Forsyde,82472 Anhalt Street,nforsydeh8@woothemes.com
Vicki Lympany,12 Pankratz Drive,vlympanyh9@usda.gov
Dmitri Kettles,24 Division Court,dkettlesha@about.me
Oliy Demaine,70727 Dawn Pass,odemainehb@xinhuanet.com
Hamlen Yellop,10416 Summit Place,hyellophc@hugedomains.com
Jany Elcocks,5584 Crownhardt Court,jelcockshd@studiopress.com
Brandice Dillestone,579 La Follette Way,bdillestonehe@xrea.com
Lyndsay August,00677 Basil Point,laugusthf@linkedin.com
Hugh Finicj,61052 Lakewood Gardens Drive,hfinicjhg@mozilla.com
Denis Woodburne,51092 Stang Terrace,dwoodburnehh@elegantthemes.com
Randy Chapelle,0 Nobel Lane,rchapellehi@gmpg.org
Abbott Gornar,35612 Arapahoe Alley,agornarhj@tripod.com
Broddie Sproat,74 Coleman Parkway,bsproathk@nba.com
Jermaine Maddox,69 Superior Place,jmaddoxhl@tumblr.com
Nikoletta Tremmil,005 Westridge Street,ntremmilhm@example.com
Minerva Neave,7120 Macpherson Crossing,mneavehn@rediff.com
Halsey Cohani,3467 Luster Trail,hcohaniho@guardian.co.uk
Ivy Wankling,10316 Hansons Drive,iwanklinghp@geocities.jp
Donelle Gracey,78186 Badeau Avenue,dgraceyhq@wufoo.com
Sheba Jurkowski,2 Sycamore Parkway,sjurkowskihr@ca.gov
Murry Kharchinski,1 Knutson Way,mkharchinskihs@ucsd.edu
Obidiah Defty,019 Ryan Pass,odeftyht@youku.com
Aurthur Goodoune,75946 Ryan Junction,agoodounehu@webeden.co.uk
Carmita Stancliffe,5 Moland Hill,cstancliffehv@meetup.com
Kanya Thickpenny,85116 Goodland Crossing,kthickpennyhw@eepurl.com
Isahella Duval,74778 Debs Court,iduvalhx@webeden.co.uk
Kelbee Dallaghan,061 Mccormick Hill,kdallaghanhy@google.co.uk
Allys Bartzen,5048 Talmadge Way,abartzenhz@archive.org
Nicola McRobert,61301 Melrose Pass,nmcroberti0@oaic.gov.au
Alicia Mumford,1842 Linden Pass,amumfordi1@toplist.cz
Brenna Jenicek,38301 Oak Circle,bjeniceki2@ustream.tv
Karlik Rubenov,812 Bowman Center,krubenovi3@slashdot.org
Dene Paik,383 Riverside Center,dpaiki4@prlog.org
Julita Scullard,0 Veith Hill,jscullardi5@bigcartel.com
Sianna Chiommienti,5 David Street,schiommientii6@google.pl
Rebecka Stanney,5 Mandrake Point,rstanneyi7@biglobe.ne.jp
Tedie Mushet,10716 La Follette Center,tmusheti8@java.com
Gib Clewer,7723 Scott Circle,gcleweri9@freewebs.com
Catina Ayrs,6044 Bartillon Junction,cayrsia@blogger.com
Elihu Cavie,24 Wayridge Terrace,ecavieib@yolasite.com
Miriam O'Connolly,854 Hallows Lane,moconnollyic@google.nl
Tabor Filoniere,03 Southridge Place,tfiloniereid@marketwatch.com
Sisile Beden,84 Stone Corner Drive,sbedenie@issuu.com
Regina Kleinplac,9 Bartelt Way,rkleinplacif@behance.net
Kipp Haysham,72147 Texas Pass,khayshamig@networkadvertising.org
Brittani Warn,00900 Ohio Circle,bwarnih@washington.edu
Lance Hyde,9264 Fremont Drive,lhydeii@wired.com
Naomi Garatty,20 Fremont Center,ngarattyij@privacy.gov.au
Guillema Vernham,9846 Lotheville Center,gvernhamik@sfgate.com
Pete De Nisco,477 Gerald Road,pdeil@netscape.com
Arny Cars,25 Hoepker Pass,acarsim@cloudflare.com
Dewey Sebert,99 Starling Court,dsebertin@unblog.fr
Patience Bown,13400 Carpenter Place,pbownio@spotify.com
Lissa Novak,9 Fairview Hill,lnovakip@histats.com
Issy Holme,82607 Gale Way,iholmeiq@bigcartel.com
Nickey Peyzer,1 Waywood Alley,npeyzerir@angelfire.com
Jorie Sannes,76453 School Avenue,jsannesis@reference.com
Rebekkah Tomala,04977 Randy Terrace,rtomalait@ucsd.edu
Myrtle Etherton,19390 Upham Drive,methertoniu@sfgate.com
Ted Craigmile,0813 Rigney Lane,tcraigmileiv@ftc.gov
Kathi Clawson,1906 Sutteridge Park,kclawsoniw@wufoo.com
Harman Finlan,8031 Twin Pines Place,hfinlanix@about.me
Viviyan Heineken,054 Main Terrace,vheinekeniy@parallels.com
Bernadine Everit,9 Talmadge Hill,beveritiz@nature.com
Adrian Creech,5 Donald Plaza,acreechj0@google.ru
Bob Parram,749 Shasta Drive,bparramj1@state.tx.us
Karlyn Sherrock,33340 Little Fleur Crossing,ksherrockj2@networkadvertising.org
Elsie Aberchirder,9873 Swallow Drive,eaberchirderj3@dailymail.co.uk
Lucius Anscott,316 Fair Oaks Park,lanscottj4@yolasite.com
Alma Magowan,416 Fair Oaks Street,amagowanj5@livejournal.com
Ward Paulucci,003 Brentwood Road,wpauluccij6@dagondesign.com
Elga Vogl,94 Summerview Center,evoglj7@histats.com
Suellen Gaul,14 Fisk Hill,sgaulj8@sphinn.com
Aksel Gowanlock,95 Wayridge Place,agowanlockj9@telegraph.co.uk
Teddie Kynston,9402 Northridge Avenue,tkynstonja@phpbb.com
Marjorie Aucott,1804 Farmco Alley,maucottjb@spotify.com
Warren Richardet,0 Armistice Way,wrichardetjc@imgur.com
Patrice Walentynowicz,8669 Ruskin Street,pwalentynowiczjd@foxnews.com
Carmella Kindell,2 Schurz Crossing,ckindellje@bing.com
Ari Gaggen,69 6th Drive,agaggenjf@shareasale.com
Ulrica O' Flaherty,655 Lyons Drive,uojg@youku.com
Cathee Copo,73413 Carioca Park,ccopojh@yahoo.com
Coreen Steere,45998 Grasskamp Junction,csteereji@reverbnation.com
Karl Hartropp,2087 Luster Park,khartroppjj@w3.org
Waldon Malamore,9 Northport Alley,wmalamorejk@timesonline.co.uk
Jillie Morritt,60 Mockingbird Hill,jmorrittjl@intel.com
Candide Iffe,42 Forest Run Avenue,ciffejm@zdnet.com
Kiel Shurlock,2857 Duke Trail,kshurlockjn@telegraph.co.uk
Harrie Largent,9744 Texas Drive,hlargentjo@sciencedaily.com
Melisa Pfaffe,56 Morningstar Point,mpfaffejp@imgur.com
Merci Leverson,2830 Derek Drive,mleversonjq@gizmodo.com
Ravid Delagnes,54077 Dakota Drive,rdelagnesjr@jigsy.com
Tracey Yon,93642 Butternut Plaza,tyonjs@google.com
Florrie Plastow,6632 Cottonwood Center,fplastowjt@globo.com
Buddie Guirard,9293 Dayton Terrace,bguirardju@mail.ru
Katee Durant,3 Sutherland Drive,kdurantjv@hc360.com
Gerri Heiton,50 Lighthouse Bay Road,gheitonjw@ameblo.jp
Kelbee Callery,25 Kings Alley,kcalleryjx@columbia.edu
Isac Quirke,68 Orin Park,iquirkejy@accuweather.com
Ola Fowkes,1462 6th Way,ofowkesjz@slashdot.org
Sim Grishukov,03147 Banding Place,sgrishukovk0@soup.io
Gwynne Lavalle,51107 Pawling Street,glavallek1@upenn.edu
Jonathan Leipelt,3757 Schiller Plaza,jleipeltk2@theguardian.com
Rustie Baudinet,10965 3rd Trail,rbaudinetk3@chicagotribune.com
Nessa Holley,8 Acker Street,nholleyk4@miibeian.gov.cn
Jackson Dungate,42147 Heath Junction,jdungatek5@time.com
Byrom Lapish,1185 Golf Course Road,blapishk6@arstechnica.com
Alden Jakubovics,453 Farragut Lane,ajakubovicsk7@t.co
Elmo Hairsnape,419 Union Circle,ehairsnapek8@tumblr.com
Cosimo Ovitts,326 Ridgeway Junction,covittsk9@plala.or.jp
Lira Dockrill,61 Express Circle,ldockrillka@printfriendly.com
Netti Ettridge,5665 Di Loreto Alley,nettridgekb@miitbeian.gov.cn
Mona Edsall,748 Jana Avenue,medsallkc@qq.com
Arvie Harbage,26 Morrow Parkway,aharbagekd@jimdo.com
Marcy Morphey,877 Sachs Avenue,mmorpheyke@utexas.edu
Mohandas Marchi,2 Aberg Street,mmarchikf@google.ca
Marrilee Gallimore,3 Sage Road,mgallimorekg@xrea.com
Kean Maccaddie,22 Homewood Hill,kmaccaddiekh@baidu.com
Guenna Gatsby,40474 Everett Alley,ggatsbyki@nba.com
Claude Deplacido,97 Northview Street,cdeplacidokj@independent.co.uk
Marisa Klimkovich,99 Maple Avenue,mklimkovichkk@odnoklassniki.ru
Janka Exton,683 7th Road,jextonkl@is.gd
Tandi Elt,10870 Dottie Drive,teltkm@usda.gov
Verena Shinton,64536 Saint Paul Alley,vshintonkn@furl.net
Gabriella Krishtopaittis,27 Bunker Hill Alley,gkrishtopaittisko@gnu.org
Yvonne Kainz,21 Lyons Hill,ykainzkp@friendfeed.com
Mariquilla McIllroy,9589 Service Junction,mmcillroykq@aol.com
Clive Cowburn,94366 Mallory Street,ccowburnkr@woothemes.com
Kelbee Sweetnam,6861 Scofield Place,ksweetnamks@wisc.edu
Mirilla Brack,56146 Beilfuss Court,mbrackkt@nifty.com
Jsandye Knifton,98 Brown Park,jkniftonku@ca.gov
Nicky Newstead,75 Eastlawn Center,nnewsteadkv@globo.com
Arleyne Beinke,82719 Carioca Way,abeinkekw@mayoclinic.com
Tamas Burgin,19942 Bluejay Street,tburginkx@xrea.com
Stephie Randerson,47747 Harper Road,srandersonky@usa.gov
Vincent Muscott,23 Schurz Crossing,vmuscottkz@sourceforge.net
Tommy Hacun,45240 Dahle Point,thacunl0@opensource.org
Matt Morland,6872 John Wall Court,mmorlandl1@icio.us
Gherardo Rawlin,832 4th Trail,grawlinl2@nationalgeographic.com
Osbourne Bolzen,9963 Walton Center,obolzenl3@pbs.org
Kellina Di Bernardo,03886 Corscot Point,kdil4@wiley.com
Andree Tummond,057 Starling Pass,atummondl5@accuweather.com
Morganne Daen,4882 Hagan Terrace,mdaenl6@tripod.com
Demetris Elson,5125 Hermina Center,delsonl7@ihg.com
Opal Gateshill,6 Larry Park,ogateshilll8@nasa.gov
Ferrell Turvey,71 Mesta Street,fturveyl9@parallels.com
Meryl LaBastida,2 Eastwood Hill,mlabastidala@mysql.com
Ronalda Milsap,5 Service Pass,rmilsaplb@feedburner.com
Stephen Antyshev,27703 Clove Junction,santyshevlc@twitter.com
Gualterio Warratt,4 Mallory Park,gwarrattld@vk.com
Ramsey Kilborn,8 Del Mar Place,rkilbornle@t-online.de
Marleen Ghione,235 Colorado Street,mghionelf@topsy.com
Orel Morillas,340 5th Park,omorillaslg@storify.com
Jdavie Opy,274 Meadow Valley Drive,jopylh@washingtonpost.com
Sibyl Broadist,059 Del Sol Court,sbroadistli@mapy.cz
Tiertza Benzie,234 Elka Junction,tbenzielj@instagram.com
Ripley Suermeier,90 Spohn Point,rsuermeierlk@vinaora.com
Rosmunda Scryne,9583 Texas Alley,rscrynell@amazon.com
Farlie Trousdale,28 Farragut Center,ftrousdalelm@answers.com
Barnard Polamontayne,50222 Golf Point,bpolamontayneln@zimbio.com
Bird Foffano,2 Dapin Plaza,bfoffanolo@godaddy.com
Nita Luparto,54607 Carpenter Park,nlupartolp@spotify.com
Jed Whightman,2063 Basil Point,jwhightmanlq@paypal.com
Janie Skillicorn,67796 Northland Place,jskillicornlr@cisco.com
Krispin Klulik,20 Esker Trail,kklulikls@macromedia.com
Orelia Whale,12982 Lindbergh Road,owhalelt@wisc.edu
Silvana Southouse,19271 Mayfield Park,ssouthouselu@rambler.ru
Guenevere Perry,717 Gerald Circle,gperrylv@quantcast.com
Judy Kmiec,62 Lawn Avenue,jkmieclw@trellian.com
Ashley Parmiter,44047 Hansons Alley,aparmiterlx@instagram.com
Odell Kinnett,5091 Talmadge Way,okinnettly@yahoo.com
Theodoric McCullum,60382 Amoth Street,tmccullumlz@jalbum.net
Alanah Joiner,7 Pond Pass,ajoinerm0@rediff.com
Koo Vidineev,0113 Stephen Alley,kvidineevm1@vkontakte.ru
Ferrel Stern,05 Leroy Terrace,fsternm2@studiopress.com
Roscoe Parcells,713 Nelson Drive,rparcellsm3@accuweather.com
Felizio Baynard,1177 Maywood Place,fbaynardm4@fotki.com
Martyn Behneke,9 Pierstorff Avenue,mbehnekem5@ucoz.com
Delano Winney,764 Northview Terrace,dwinneym6@wufoo.com
Charlene Paute,749 Transport Circle,cpautem7@xrea.com
Sadie Castiglione,180 Fairview Junction,scastiglionem8@amazonaws.com
Marin Bilfoot,02985 Evergreen Alley,mbilfootm9@wufoo.com
Kiel Sarge,58 Barby Center,ksargema@i2i.jp
Kassandra Scripture,150 Hovde Way,kscripturemb@google.com
Konrad Grassick,7 Spaight Point,kgrassickmc@webeden.co.uk
Leda Chumley,0 Randy Park,lchumleymd@livejournal.com
Micah Humbie,1557 Mesta Lane,mhumbieme@mozilla.org
Gardiner Jandel,7011 Mcbride Road,gjandelmf@webmd.com
Griz Kadd,3 Lotheville Avenue,gkaddmg@cdc.gov
Salvatore Labrom,2507 Porter Court,slabrommh@huffingtonpost.com
Jenn Farr,74 Elgar Plaza,jfarrmi@foxnews.com
Harvey Quinton,103 Sycamore Avenue,hquintonmj@soundcloud.com
Leila Schettini,66 Dahle Alley,lschettinimk@opensource.org
Myrta Denisovo,50 Parkside Court,mdenisovoml@vistaprint.com
Margit Meachen,74465 Northridge Crossing,mmeachenmm@baidu.com
Ly Redfearn,6233 Quincy Alley,lredfearnmn@census.gov
Dalt Ben,37 Almo Circle,dbenmo@angelfire.com
Shadow Moreno,8 Buena Vista Drive,smorenomp@reverbnation.com
Merissa Londesborough,603 Del Sol Road,mlondesboroughmq@yahoo.com
Bax Rodda,49 Canary Pass,broddamr@github.io
Estele Gauge,0 Memorial Court,egaugems@foxnews.com
Caron Cristofolo,73 Park Meadow Place,ccristofolomt@oakley.com
Kirsteni Stemson,8 Roxbury Street,kstemsonmu@pen.io
Osbert Peto,081 Leroy Avenue,opetomv@wix.com
Fredrick Fetherstan,719 Elka Point,ffetherstanmw@slate.com
Nolan Hayto,39 Hayes Lane,nhaytomx@github.com
Hannah Lowfill,83 Brentwood Plaza,hlowfillmy@ed.gov
Fidelity Whitney,8180 Crowley Avenue,fwhitneymz@google.pl
Babbette Sieb,54 Armistice Way,bsiebn0@google.ca
Jobina Tillman,93765 Cambridge Crossing,jtillmann1@independent.co.uk
Eberhard Poulson,943 Fisk Road,epoulsonn2@soundcloud.com
Carly Jennemann,885 Oxford Court,cjennemannn3@harvard.edu
Adolphe Aronov,9705 Morrow Junction,aaronovn4@uol.com.br
Artemas Coniff,4 Clyde Gallagher Plaza,aconiffn5@123-reg.co.uk
Queenie Mackison,1 Holmberg Way,qmackisonn6@howstuffworks.com
Emylee Draysay,78015 Randy Circle,edraysayn7@discuz.net
Andromache Buckmaster,8183 Meadow Ridge Street,abuckmastern8@nifty.com
Frederik Mibourne,5777 Maple Drive,fmibournen9@furl.net
Shelia Tows,09 Badeau Place,stowsna@deliciousdays.com
Francesca Skacel,41 Riverside Center,fskacelnb@shop-pro.jp
Maxie Stead,28 Northland Crossing,msteadnc@people.com.cn
Filip Plowes,7887 Memorial Court,fplowesnd@slideshare.net
Marnie Plumstead,2 Dayton Circle,mplumsteadne@photobucket.com
Nicola Jaxon,206 Vernon Street,njaxonnf@freewebs.com
Tanney Cabell,0642 Everett Center,tcabellng@cyberchimps.com
Olive Barbey,65 Melody Place,obarbeynh@bloglovin.com
Keelia Morhall,8 Erie Street,kmorhallni@shinystat.com
Carissa Brimfield,21 Cambridge Terrace,cbrimfieldnj@oakley.com
Winslow Bernon,58677 Superior Way,wbernonnk@cyberchimps.com
Hew Dussy,84604 Washington Junction,hdussynl@merriam-webster.com
Blythe Manuaud,38824 East Crossing,bmanuaudnm@photobucket.com
Pietrek Lebang,1369 Jay Hill,plebangnn@dagondesign.com
Vachel Caraher,79 Mosinee Way,vcaraherno@tuttocitta.it
Maurita Dymott,0264 Harper Alley,mdymottnp@epa.gov
Kimble Robberecht,46985 Northland Crossing,krobberechtnq@linkedin.com
Bette-ann Pullen,01 Sutherland Pass,bpullennr@about.com
Jock Cheke,8396 Eastlawn Place,jchekens@comcast.net
Harriett Stollwerck,021 Mallory Park,hstollwercknt@google.com.au
Haleigh Brosi,6 Esch Junction,hbrosinu@blogs.com
Fanchon Zettler,31 Judy Crossing,fzettlernv@naver.com
Marilee Lovie,8 Declaration Parkway,mlovienw@technorati.com
Winnie Tankus,6 Buhler Hill,wtankusnx@nasa.gov
Jacintha Winning,812 Prentice Center,jwinningny@wikipedia.org
Tomas Redwall,30 Meadow Ridge Point,tredwallnz@dedecms.com
Fidelity Cornford,44 Transport Way,fcornfordo0@biblegateway.com
Orel Delion,5430 Rusk Hill,odeliono1@sohu.com
Aveline Roddy,93 Merchant Circle,aroddyo2@hugedomains.com
Pat Ashbey,7 Vermont Court,pashbeyo3@addtoany.com
Logan Prate,58614 Scoville Avenue,lprateo4@dedecms.com
Tabor Coggen,90367 Green Ridge Drive,tcoggeno5@samsung.com
Lamont Durran,2 Stang Drive,ldurrano6@slate.com
Nate Pilsbury,5317 Fairview Trail,npilsburyo7@elegantthemes.com
Norrie Trowl,1 Pleasure Alley,ntrowlo8@japanpost.jp
Corene Whitsey,2040 Westport Circle,cwhitseyo9@businesswire.com
Rustie Henrys,7 Clyde Gallagher Avenue,rhenrysoa@squidoo.com
Marjory Guild,5387 Clove Circle,mguildob@pcworld.com
Ardeen Linsey,4 Buena Vista Pass,alinseyoc@comcast.net
Brande Ganford,080 Manufacturers Center,bganfordod@rediff.com
Hall Von Oertzen,77831 Monica Hill,hvonoe@ask.com
Janice Elloit,7 Kensington Lane,jelloitof@shop-pro.jp
Elisha Standingford,3441 Merrick Terrace,estandingfordog@wikipedia.org
Rose Philippeaux,40696 Clove Way,rphilippeauxoh@who.int
Olivette Minkin,47123 Pond Alley,ominkinoi@shinystat.com
Red Lente,6 Burning Wood Point,rlenteoj@unc.edu
Alexandro Thinn,62 Novick Court,athinnok@apache.org
Selby Dauber,889 Clyde Gallagher Avenue,sdauberol@wiley.com
Kandy Cluett,82361 Brentwood Court,kcluettom@hostgator.com
Hatti Congreave,2 5th Parkway,hcongreaveon@hhs.gov
Jimmie Featenby,79575 Valley Edge Parkway,jfeatenbyoo@nymag.com
Alfonse Taplow,916 Upham Junction,ataplowop@spiegel.de
Walther Thackston,7 Center Road,wthackstonoq@washingtonpost.com
Jobey Peete,1086 Porter Drive,jpeeteor@cmu.edu
Chrysler Marven,27 Bashford Pass,cmarvenos@squidoo.com
Babb Challoner,528 Messerschmidt Lane,bchallonerot@nationalgeographic.com
Lizzie Matiasek,1390 Granby Terrace,lmatiasekou@washingtonpost.com
Haven de Merida,5149 Village Drive,hdeov@home.pl
Morty MacGilrewy,5822 Barnett Circle,mmacgilrewyow@salon.com
Fidelia Toolin,607 Rockefeller Crossing,ftoolinox@salon.com
Vivienne Hanham,45848 Anderson Place,vhanhamoy@oakley.com
Valentia Jorioz,49 Clemons Plaza,vjoriozoz@eventbrite.com
Kacy Lemery,892 Mayer Center,klemeryp0@bluehost.com
Mickey Stalf,62 Farwell Drive,mstalfp1@360.cn
Blair Clears,9 Division Way,bclearsp2@dailymail.co.uk
Osgood Meredith,45230 Northridge Center,omeredithp3@vinaora.com
Billie Bogie,483 Loftsgordon Park,bbogiep4@digg.com
Emmye Haddrill,312 Ilene Street,ehaddrillp5@diigo.com
Farah Cordaroy,21790 Kingsford Plaza,fcordaroyp6@360.cn
Rutter Portugal,6 Park Meadow Hill,rportugalp7@opera.com
Ogden Phillins,63 Texas Avenue,ophillinsp8@yahoo.co.jp
Gunter Vasyutkin,8980 Westridge Avenue,gvasyutkinp9@wp.com
Perkin Solon,9884 Macpherson Point,psolonpa@bravesites.com
Stella Brea,6 Columbus Way,sbreapb@npr.org
Terrijo Adney,4476 Jay Junction,tadneypc@epa.gov
Karlotte Czaja,22136 Grover Park,kczajapd@ted.com
Annabela De Blasiis,755 Brickson Park Trail,adepe@123-reg.co.uk
Tallie Hardacre,3868 Marquette Place,thardacrepf@ihg.com
Hedvig MacTerlagh,533 Lindbergh Drive,hmacterlaghpg@cafepress.com
Gordy Mellmer,52127 Loftsgordon Hill,gmellmerph@cdc.gov
Marena Karpf,9631 Jay Place,mkarpfpi@last.fm
Max Drewry,634 Goodland Point,mdrewrypj@nymag.com
Janek McClymont,6518 Messerschmidt Park,jmcclymontpk@uol.com.br
Huntley Savine,016 Farmco Road,hsavinepl@msn.com
Efren Bodill,189 Twin Pines Place,ebodillpm@patch.com
Bevin Fursse,16 Hollow Ridge Alley,bfurssepn@msn.com
Gilly Macrow,246 Delaware Hill,gmacrowpo@squarespace.com
Diana Fiddian,3 Westend Place,dfiddianpp@list-manage.com
Bambi Espy,91 Maryland Court,bespypq@amazonaws.com
Pate Bonfield,98 Fairview Place,pbonfieldpr@virginia.edu
Vasily Boshere,4059 Iowa Street,vboshereps@timesonline.co.uk
Mirabel Rentoll,8 Coleman Junction,mrentollpt@miitbeian.gov.cn
Tova Gowan,4131 Crownhardt Trail,tgowanpu@mit.edu
Hugibert Serot,0 Crescent Oaks Park,hserotpv@reddit.com
Marney Denton,20459 Park Meadow Center,mdentonpw@over-blog.com
Yorker Marson,45 Spenser Court,ymarsonpx@scientificamerican.com
Willy Bucknill,71 Miller Trail,wbucknillpy@discuz.net
Henry Matheson,22662 Scott Place,hmathesonpz@eventbrite.com
Imogene Henriquet,100 2nd Terrace,ihenriquetq0@omniture.com
Desirae Olivas,47 Warbler Pass,dolivasq1@infoseek.co.jp
Allyce Richardes,95778 Raven Pass,arichardesq2@alexa.com
Elvina Scala,48931 Merrick Avenue,escalaq3@businessweek.com
Marcello Isworth,12 Clove Park,misworthq4@imdb.com
Glad Domke,70 Briar Crest Terrace,gdomkeq5@shutterfly.com
Farah Ohanessian,16543 1st Street,fohanessianq6@nyu.edu
Bernadine Lamond,43388 Basil Street,blamondq7@behance.net
Sonya Lambart,377 Cottonwood Circle,slambartq8@nih.gov
Ricky Krzyzaniak,59511 Bunker Hill Parkway,rkrzyzaniakq9@reverbnation.com
Vivian Lear,23 Fair Oaks Road,vlearqa@jimdo.com
Austin Vickars,9110 Declaration Lane,avickarsqb@quantcast.com
Isabella Kennelly,2508 Algoma Crossing,ikennellyqc@berkeley.edu
Brnaby Pattison,6318 Lindbergh Road,bpattisonqd@google.ru
Cob Lippiett,71249 Hanson Court,clippiettqe@moonfruit.com
Fifine Soane,5 Chive Hill,fsoaneqf@istockphoto.com
Cicely Norsworthy,43455 Golden Leaf Parkway,cnorsworthyqg@foxnews.com
Riordan Trayford,0 Northland Trail,rtrayfordqh@harvard.edu
Alphonso Rylstone,3710 Dapin Way,arylstoneqi@linkedin.com
Trudey Tschiersch,7 Bluejay Street,ttschierschqj@slashdot.org
Kristian Nairy,2 Homewood Hill,knairyqk@wikipedia.org
Yalonda Bloggett,62407 Westport Park,ybloggettql@creativecommons.org
Clayson Dreinan,9 Harbort Drive,cdreinanqm@ox.ac.uk
Ted Dymoke,019 Melby Place,tdymokeqn@mysql.com
Melanie Allsupp,75063 Dwight Drive,mallsuppqo@ovh.net
Morly Grimshaw,17636 Bultman Pass,mgrimshawqp@e-recht24.de
Yank Housecraft,8 Dakota Avenue,yhousecraftqq@macromedia.com
Sly Merriton,70 Lake View Pass,smerritonqr@rediff.com
Burch Pyott,53867 Mallard Trail,bpyottqs@1und1.de
Sol D'eye,8415 Fairfield Point,sdeyeqt@scribd.com
Svend Oram,5 Vera Road,soramqu@altervista.org
Laryssa Donoher,6273 Florence Plaza,ldonoherqv@pen.io
Jany Mucci,17 Browning Parkway,jmucciqw@state.tx.us
Adoree Jecock,2 Russell Junction,ajecockqx@hostgator.com
Nikaniki Granville,38 Petterle Avenue,ngranvilleqy@rakuten.co.jp
Helene Pingstone,13 Grover Road,hpingstoneqz@dailymotion.com
Brittaney Godman,2 Hoard Junction,bgodmanr0@dailymotion.com
Fiona Durn,7 Summer Ridge Trail,fdurnr1@rediff.com
Gabriel Halcro,5 Maywood Junction,ghalcror2@google.com.br
Tessy Simoneschi,0233 North Trail,tsimoneschir3@miitbeian.gov.cn
Jilly Ditchfield,98994 3rd Avenue,jditchfieldr4@nsw.gov.au
Deena Berringer,68 Crowley Circle,dberringerr5@who.int
Cesar Jacobs,44 Southridge Point,cjacobsr6@ca.gov
Harlin Marle,4 Kennedy Crossing,hmarler7@newsvine.com
Ericha M'cowis,7490 8th Center,emcowisr8@netscape.com
Jojo Walentynowicz,366 Killdeer Pass,jwalentynowiczr9@who.int
Denice McKirton,36 Ryan Terrace,dmckirtonra@bloglovin.com
Pammi Keaves,40293 Nelson Place,pkeavesrb@ow.ly
Perla Rimmington,218 Rieder Street,primmingtonrc@rediff.com
Klarika Vitler,75250 Summer Ridge Road,kvitlerrd@yale.edu
Cassaundra Griffin,26863 Chive Circle,cgriffinre@webnode.com
Jere Paiton,60 Bunting Drive,jpaitonrf@histats.com
Urbano Cass,893 Westerfield Crossing,ucassrg@washington.edu
Yancy Eager,33 Ludington Junction,yeagerrh@sciencedaily.com
Wileen Pagan,2 Blue Bill Park Street,wpaganri@nps.gov
Emelita Durran,8 Badeau Alley,edurranrj@wiley.com
Dorisa Earlam,792 Thierer Lane,dearlamrk@ow.ly
Ray Elegood,57997 David Alley,relegoodrl@imgur.com
Reinhard Molohan,2304 Brickson Park Alley,rmolohanrm@howstuffworks.com
Kameko Blackleech,0020 Blue Bill Park Point,kblackleechrn@mapquest.com
Nerte Valero,76 Basil Lane,nvaleroro@blinklist.com
Torey Wright,8633 Arkansas Parkway,twrightrp@4shared.com
Abagail Goulbourn,2 Karstens Circle,agoulbournrq@mit.edu
Suzanna Wylder,67 Hanson Lane,swylderrr@admin.ch
